<?xml version='1.0' encoding='utf-8'?>
<book xmlns="http://www.devhelp.net/book" title="C Standard Library reference" name="cppreference-doc-zh-c" base="D:/msys64/usr/share/cppreference/doc/html" link="c" version="2" language="c++">
  <chapters xmlns="http://www.devhelp.net/book">
    <sub name="Language" link="c/language"/>
    <sub name="Headers" link="c/header"/>
    <sub name="Type support" link="c/types"/>
    <sub name="Dynamic memory management" link="c/memory"/>
    <sub name="Error handling" link="c/error"/>
    <sub name="Program utilities" link="c/program"/>
    <sub name="Variadic functions" link="c/variadic"/>
    <sub name="Date and time utilities" link="c/chrono"/>
    <sub name="Strings library" link="c/string">
        <sub name="Null terminated byte strings" link="c/string/byte"/>
        <sub name="Null terminated multibyte" link="c/string/multibyte"/>
        <sub name="Null terminated wide strings" link="c/string/wide"/>
    </sub>
    <sub name="Algorithms" link="c/algorithm"/>
    <sub name="Input/output support" link="c/io"/>
    <sub name="Numerics" link="c/numeric">
        <sub name="Common mathematical functions" link="c/numeric/math"/>
        <sub name="Floating-point environment" link="c/numeric/fenv"/>
        <sub name="Pseudo-random number generation" link="c/numeric/random"/>
        <sub name="Complex number arithmetic" link="c/numeric/complex"/>
        <sub name="Type-generic math" link="c/numeric/tgmath"/>
    </sub>
    <sub name="Localization support" link="c/locale"/>
    <sub name="Atomic operations library" link="c/atomic"/>
    <sub name="Thread support library" link="c/thread"/>
    <sub name="Technical specifications" link="c/experimental"/>
</chapters>
  <functions>
    <keyword type="typedef" name="size_t" link="c/types/size_t"/>
    <keyword type="typedef" name="ptrdiff_t" link="c/types/ptrdiff_t"/>
    <keyword type="macro" name="NULL" link="c/types/NULL"/>
    <keyword type="typedef" name="max_align_t" link="c/types/max_align_t"/>
    <keyword type="function" name="offsetof" link="c/types/offsetof"/>
    <keyword type="typedef" name="int8_t" link="c/types/integer"/>
    <keyword type="typedef" name="int16_t" link="c/types/integer"/>
    <keyword type="typedef" name="int32_t" link="c/types/integer"/>
    <keyword type="typedef" name="int64_t" link="c/types/integer"/>
    <keyword type="typedef" name="int_fast8_t" link="c/types/integer"/>
    <keyword type="typedef" name="int_fast16_t" link="c/types/integer"/>
    <keyword type="typedef" name="int_fast32_t" link="c/types/integer"/>
    <keyword type="typedef" name="int_fast64_t" link="c/types/integer"/>
    <keyword type="typedef" name="int_least8_t" link="c/types/integer"/>
    <keyword type="typedef" name="int_least16_t" link="c/types/integer"/>
    <keyword type="typedef" name="int_least32_t" link="c/types/integer"/>
    <keyword type="typedef" name="int_least64_t" link="c/types/integer"/>
    <keyword type="typedef" name="intmax_t" link="c/types/integer"/>
    <keyword type="typedef" name="intptr_t" link="c/types/integer"/>
    <keyword type="typedef" name="uint8_t" link="c/types/integer"/>
    <keyword type="typedef" name="uint16_t" link="c/types/integer"/>
    <keyword type="typedef" name="uint32_t" link="c/types/integer"/>
    <keyword type="typedef" name="uint64_t" link="c/types/integer"/>
    <keyword type="typedef" name="uint_fast8_t" link="c/types/integer"/>
    <keyword type="typedef" name="uint_fast16_t" link="c/types/integer"/>
    <keyword type="typedef" name="uint_fast32_t" link="c/types/integer"/>
    <keyword type="typedef" name="uint_fast64_t" link="c/types/integer"/>
    <keyword type="typedef" name="uint_least8_t" link="c/types/integer"/>
    <keyword type="typedef" name="uint_least16_t" link="c/types/integer"/>
    <keyword type="typedef" name="uint_least32_t" link="c/types/integer"/>
    <keyword type="typedef" name="uint_least64_t" link="c/types/integer"/>
    <keyword type="typedef" name="uintmax_t" link="c/types/integer"/>
    <keyword type="typedef" name="uintptr_t" link="c/types/integer"/>
    <keyword type="macro" name="INT8_MIN" link="c/types/integer"/>
    <keyword type="macro" name="INT16_MIN" link="c/types/integer"/>
    <keyword type="macro" name="INT32_MIN" link="c/types/integer"/>
    <keyword type="macro" name="INT64_MIN" link="c/types/integer"/>
    <keyword type="macro" name="INT_FAST8_MIN" link="c/types/integer"/>
    <keyword type="macro" name="INT_FAST16_MIN" link="c/types/integer"/>
    <keyword type="macro" name="INT_FAST32_MIN" link="c/types/integer"/>
    <keyword type="macro" name="INT_FAST64_MIN" link="c/types/integer"/>
    <keyword type="macro" name="INT_LEAST8_MIN" link="c/types/integer"/>
    <keyword type="macro" name="INT_LEAST16_MIN" link="c/types/integer"/>
    <keyword type="macro" name="INT_LEAST32_MIN" link="c/types/integer"/>
    <keyword type="macro" name="INT_LEAST64_MIN" link="c/types/integer"/>
    <keyword type="macro" name="INTPTR_MIN" link="c/types/integer"/>
    <keyword type="macro" name="INTMAX_MIN" link="c/types/integer"/>
    <keyword type="macro" name="INT8_MAX" link="c/types/integer"/>
    <keyword type="macro" name="INT16_MAX" link="c/types/integer"/>
    <keyword type="macro" name="INT32_MAX" link="c/types/integer"/>
    <keyword type="macro" name="INT64_MAX" link="c/types/integer"/>
    <keyword type="macro" name="INT_FAST8_MAX" link="c/types/integer"/>
    <keyword type="macro" name="INT_FAST16_MAX" link="c/types/integer"/>
    <keyword type="macro" name="INT_FAST32_MAX" link="c/types/integer"/>
    <keyword type="macro" name="INT_FAST64_MAX" link="c/types/integer"/>
    <keyword type="macro" name="INT_LEAST8_MAX" link="c/types/integer"/>
    <keyword type="macro" name="INT_LEAST16_MAX" link="c/types/integer"/>
    <keyword type="macro" name="INT_LEAST32_MAX" link="c/types/integer"/>
    <keyword type="macro" name="INT_LEAST64_MAX" link="c/types/integer"/>
    <keyword type="macro" name="INTPTR_MAX" link="c/types/integer"/>
    <keyword type="macro" name="INTMAX_MAX" link="c/types/integer"/>
    <keyword type="macro" name="UINT8_MAX" link="c/types/integer"/>
    <keyword type="macro" name="UINT16_MAX" link="c/types/integer"/>
    <keyword type="macro" name="UINT32_MAX" link="c/types/integer"/>
    <keyword type="macro" name="UINT64_MAX" link="c/types/integer"/>
    <keyword type="macro" name="UINT_FAST8_MAX" link="c/types/integer"/>
    <keyword type="macro" name="UINT_FAST16_MAX" link="c/types/integer"/>
    <keyword type="macro" name="UINT_FAST32_MAX" link="c/types/integer"/>
    <keyword type="macro" name="UINT_FAST64_MAX" link="c/types/integer"/>
    <keyword type="macro" name="UINT_LEAST8_MAX" link="c/types/integer"/>
    <keyword type="macro" name="UINT_LEAST16_MAX" link="c/types/integer"/>
    <keyword type="macro" name="UINT_LEAST32_MAX" link="c/types/integer"/>
    <keyword type="macro" name="UINT_LEAST64_MAX" link="c/types/integer"/>
    <keyword type="macro" name="UINTPTR_MAX" link="c/types/integer"/>
    <keyword type="macro" name="UINTMAX_MAX" link="c/types/integer"/>
    <keyword type="macro" name="PRId8" link="c/types/integer"/>
    <keyword type="macro" name="PRId16" link="c/types/integer"/>
    <keyword type="macro" name="PRId32" link="c/types/integer"/>
    <keyword type="macro" name="PRId64" link="c/types/integer"/>
    <keyword type="macro" name="PRIdLEAST8" link="c/types/integer"/>
    <keyword type="macro" name="PRIdLEAST16" link="c/types/integer"/>
    <keyword type="macro" name="PRIdLEAST32" link="c/types/integer"/>
    <keyword type="macro" name="PRIdLEAST64" link="c/types/integer"/>
    <keyword type="macro" name="PRIdFAST8" link="c/types/integer"/>
    <keyword type="macro" name="PRIdFAST16" link="c/types/integer"/>
    <keyword type="macro" name="PRIdFAST32" link="c/types/integer"/>
    <keyword type="macro" name="PRIdFAST64" link="c/types/integer"/>
    <keyword type="macro" name="PRIdMAX" link="c/types/integer"/>
    <keyword type="macro" name="PRIdPTR" link="c/types/integer"/>
    <keyword type="macro" name="PRIi8" link="c/types/integer"/>
    <keyword type="macro" name="PRIi16" link="c/types/integer"/>
    <keyword type="macro" name="PRIi32" link="c/types/integer"/>
    <keyword type="macro" name="PRIi64" link="c/types/integer"/>
    <keyword type="macro" name="PRIiLEAST8" link="c/types/integer"/>
    <keyword type="macro" name="PRIiLEAST16" link="c/types/integer"/>
    <keyword type="macro" name="PRIiLEAST32" link="c/types/integer"/>
    <keyword type="macro" name="PRIiLEAST64" link="c/types/integer"/>
    <keyword type="macro" name="PRIiFAST8" link="c/types/integer"/>
    <keyword type="macro" name="PRIiFAST16" link="c/types/integer"/>
    <keyword type="macro" name="PRIiFAST32" link="c/types/integer"/>
    <keyword type="macro" name="PRIiFAST64" link="c/types/integer"/>
    <keyword type="macro" name="PRIiMAX" link="c/types/integer"/>
    <keyword type="macro" name="PRIiPTR" link="c/types/integer"/>
    <keyword type="macro" name="PRIu8" link="c/types/integer"/>
    <keyword type="macro" name="PRIu16" link="c/types/integer"/>
    <keyword type="macro" name="PRIu32" link="c/types/integer"/>
    <keyword type="macro" name="PRIu64" link="c/types/integer"/>
    <keyword type="macro" name="PRIuLEAST8" link="c/types/integer"/>
    <keyword type="macro" name="PRIuLEAST16" link="c/types/integer"/>
    <keyword type="macro" name="PRIuLEAST32" link="c/types/integer"/>
    <keyword type="macro" name="PRIuLEAST64" link="c/types/integer"/>
    <keyword type="macro" name="PRIuFAST8" link="c/types/integer"/>
    <keyword type="macro" name="PRIuFAST16" link="c/types/integer"/>
    <keyword type="macro" name="PRIuFAST32" link="c/types/integer"/>
    <keyword type="macro" name="PRIuFAST64" link="c/types/integer"/>
    <keyword type="macro" name="PRIuMAX" link="c/types/integer"/>
    <keyword type="macro" name="PRIuPTR" link="c/types/integer"/>
    <keyword type="macro" name="PRIo8" link="c/types/integer"/>
    <keyword type="macro" name="PRIo16" link="c/types/integer"/>
    <keyword type="macro" name="PRIo32" link="c/types/integer"/>
    <keyword type="macro" name="PRIo64" link="c/types/integer"/>
    <keyword type="macro" name="PRIoLEAST8" link="c/types/integer"/>
    <keyword type="macro" name="PRIoLEAST16" link="c/types/integer"/>
    <keyword type="macro" name="PRIoLEAST32" link="c/types/integer"/>
    <keyword type="macro" name="PRIoLEAST64" link="c/types/integer"/>
    <keyword type="macro" name="PRIoFAST8" link="c/types/integer"/>
    <keyword type="macro" name="PRIoFAST16" link="c/types/integer"/>
    <keyword type="macro" name="PRIoFAST32" link="c/types/integer"/>
    <keyword type="macro" name="PRIoFAST64" link="c/types/integer"/>
    <keyword type="macro" name="PRIoMAX" link="c/types/integer"/>
    <keyword type="macro" name="PRIoPTR" link="c/types/integer"/>
    <keyword type="macro" name="PRIx8" link="c/types/integer"/>
    <keyword type="macro" name="PRIx16" link="c/types/integer"/>
    <keyword type="macro" name="PRIx32" link="c/types/integer"/>
    <keyword type="macro" name="PRIx64" link="c/types/integer"/>
    <keyword type="macro" name="PRIxLEAST8" link="c/types/integer"/>
    <keyword type="macro" name="PRIxLEAST16" link="c/types/integer"/>
    <keyword type="macro" name="PRIxLEAST32" link="c/types/integer"/>
    <keyword type="macro" name="PRIxLEAST64" link="c/types/integer"/>
    <keyword type="macro" name="PRIxFAST8" link="c/types/integer"/>
    <keyword type="macro" name="PRIxFAST16" link="c/types/integer"/>
    <keyword type="macro" name="PRIxFAST32" link="c/types/integer"/>
    <keyword type="macro" name="PRIxFAST64" link="c/types/integer"/>
    <keyword type="macro" name="PRIxMAX" link="c/types/integer"/>
    <keyword type="macro" name="PRIxPTR" link="c/types/integer"/>
    <keyword type="macro" name="PRIX8" link="c/types/integer"/>
    <keyword type="macro" name="PRIX16" link="c/types/integer"/>
    <keyword type="macro" name="PRIX32" link="c/types/integer"/>
    <keyword type="macro" name="PRIX64" link="c/types/integer"/>
    <keyword type="macro" name="PRIXLEAST8" link="c/types/integer"/>
    <keyword type="macro" name="PRIXLEAST16" link="c/types/integer"/>
    <keyword type="macro" name="PRIXLEAST32" link="c/types/integer"/>
    <keyword type="macro" name="PRIXLEAST64" link="c/types/integer"/>
    <keyword type="macro" name="PRIXFAST8" link="c/types/integer"/>
    <keyword type="macro" name="PRIXFAST16" link="c/types/integer"/>
    <keyword type="macro" name="PRIXFAST32" link="c/types/integer"/>
    <keyword type="macro" name="PRIXFAST64" link="c/types/integer"/>
    <keyword type="macro" name="PRIXMAX" link="c/types/integer"/>
    <keyword type="macro" name="PRIXPTR" link="c/types/integer"/>
    <keyword type="macro" name="SCNd8" link="c/types/integer"/>
    <keyword type="macro" name="SCNd16" link="c/types/integer"/>
    <keyword type="macro" name="SCNd32" link="c/types/integer"/>
    <keyword type="macro" name="SCNd64" link="c/types/integer"/>
    <keyword type="macro" name="SCNdLEAST8" link="c/types/integer"/>
    <keyword type="macro" name="SCNdLEAST16" link="c/types/integer"/>
    <keyword type="macro" name="SCNdLEAST32" link="c/types/integer"/>
    <keyword type="macro" name="SCNdLEAST64" link="c/types/integer"/>
    <keyword type="macro" name="SCNdFAST8" link="c/types/integer"/>
    <keyword type="macro" name="SCNdFAST16" link="c/types/integer"/>
    <keyword type="macro" name="SCNdFAST32" link="c/types/integer"/>
    <keyword type="macro" name="SCNdFAST64" link="c/types/integer"/>
    <keyword type="macro" name="SCNdMAX" link="c/types/integer"/>
    <keyword type="macro" name="SCNdPTR" link="c/types/integer"/>
    <keyword type="macro" name="SCNi8" link="c/types/integer"/>
    <keyword type="macro" name="SCNi16" link="c/types/integer"/>
    <keyword type="macro" name="SCNi32" link="c/types/integer"/>
    <keyword type="macro" name="SCNi64" link="c/types/integer"/>
    <keyword type="macro" name="SCNiLEAST8" link="c/types/integer"/>
    <keyword type="macro" name="SCNiLEAST16" link="c/types/integer"/>
    <keyword type="macro" name="SCNiLEAST32" link="c/types/integer"/>
    <keyword type="macro" name="SCNiLEAST64" link="c/types/integer"/>
    <keyword type="macro" name="SCNiFAST8" link="c/types/integer"/>
    <keyword type="macro" name="SCNiFAST16" link="c/types/integer"/>
    <keyword type="macro" name="SCNiFAST32" link="c/types/integer"/>
    <keyword type="macro" name="SCNiFAST64" link="c/types/integer"/>
    <keyword type="macro" name="SCNiMAX" link="c/types/integer"/>
    <keyword type="macro" name="SCNiPTR" link="c/types/integer"/>
    <keyword type="macro" name="SCNu8" link="c/types/integer"/>
    <keyword type="macro" name="SCNu16" link="c/types/integer"/>
    <keyword type="macro" name="SCNu32" link="c/types/integer"/>
    <keyword type="macro" name="SCNu64" link="c/types/integer"/>
    <keyword type="macro" name="SCNuLEAST8" link="c/types/integer"/>
    <keyword type="macro" name="SCNuLEAST16" link="c/types/integer"/>
    <keyword type="macro" name="SCNuLEAST32" link="c/types/integer"/>
    <keyword type="macro" name="SCNuLEAST64" link="c/types/integer"/>
    <keyword type="macro" name="SCNuFAST8" link="c/types/integer"/>
    <keyword type="macro" name="SCNuFAST16" link="c/types/integer"/>
    <keyword type="macro" name="SCNuFAST32" link="c/types/integer"/>
    <keyword type="macro" name="SCNuFAST64" link="c/types/integer"/>
    <keyword type="macro" name="SCNuMAX" link="c/types/integer"/>
    <keyword type="macro" name="SCNuPTR" link="c/types/integer"/>
    <keyword type="macro" name="SCNo8" link="c/types/integer"/>
    <keyword type="macro" name="SCNo16" link="c/types/integer"/>
    <keyword type="macro" name="SCNo32" link="c/types/integer"/>
    <keyword type="macro" name="SCNo64" link="c/types/integer"/>
    <keyword type="macro" name="SCNoLEAST8" link="c/types/integer"/>
    <keyword type="macro" name="SCNoLEAST16" link="c/types/integer"/>
    <keyword type="macro" name="SCNoLEAST32" link="c/types/integer"/>
    <keyword type="macro" name="SCNoLEAST64" link="c/types/integer"/>
    <keyword type="macro" name="SCNoFAST8" link="c/types/integer"/>
    <keyword type="macro" name="SCNoFAST16" link="c/types/integer"/>
    <keyword type="macro" name="SCNoFAST32" link="c/types/integer"/>
    <keyword type="macro" name="SCNoFAST64" link="c/types/integer"/>
    <keyword type="macro" name="SCNoMAX" link="c/types/integer"/>
    <keyword type="macro" name="SCNoPTR" link="c/types/integer"/>
    <keyword type="macro" name="SCNx8" link="c/types/integer"/>
    <keyword type="macro" name="SCNx16" link="c/types/integer"/>
    <keyword type="macro" name="SCNx32" link="c/types/integer"/>
    <keyword type="macro" name="SCNx64" link="c/types/integer"/>
    <keyword type="macro" name="SCNxLEAST8" link="c/types/integer"/>
    <keyword type="macro" name="SCNxLEAST16" link="c/types/integer"/>
    <keyword type="macro" name="SCNxLEAST32" link="c/types/integer"/>
    <keyword type="macro" name="SCNxLEAST64" link="c/types/integer"/>
    <keyword type="macro" name="SCNxFAST8" link="c/types/integer"/>
    <keyword type="macro" name="SCNxFAST16" link="c/types/integer"/>
    <keyword type="macro" name="SCNxFAST32" link="c/types/integer"/>
    <keyword type="macro" name="SCNxFAST64" link="c/types/integer"/>
    <keyword type="macro" name="SCNxMAX" link="c/types/integer"/>
    <keyword type="macro" name="SCNxPTR" link="c/types/integer"/>
    <keyword type="macro" name="PTRDIFF_MIN" link="c/types/limits"/>
    <keyword type="macro" name="PTRDIFF_MAX" link="c/types/limits"/>
    <keyword type="macro" name="SIZE_MAX" link="c/types/limits"/>
    <keyword type="macro" name="SIG_ATOMIC_MIN" link="c/types/limits"/>
    <keyword type="macro" name="SIG_ATOMIC_MAX" link="c/types/limits"/>
    <keyword type="macro" name="WCHAR_MIN" link="c/types/limits"/>
    <keyword type="macro" name="WCHAR_MAX" link="c/types/limits"/>
    <keyword type="macro" name="WINT_MIN" link="c/types/limits"/>
    <keyword type="macro" name="WINT_MAX" link="c/types/limits"/>
    <keyword type="macro" name="CHAR_BIT" link="c/types/limits"/>
    <keyword type="macro" name="MB_LEN_MAX" link="c/types/limits"/>
    <keyword type="macro" name="CHAR_MIN" link="c/types/limits"/>
    <keyword type="macro" name="CHAR_MAX" link="c/types/limits"/>
    <keyword type="macro" name="SCHAR_MIN" link="c/types/limits"/>
    <keyword type="macro" name="SHRT_MIN" link="c/types/limits"/>
    <keyword type="macro" name="INT_MIN" link="c/types/limits"/>
    <keyword type="macro" name="LONG_MIN" link="c/types/limits"/>
    <keyword type="macro" name="LLONG_MIN" link="c/types/limits"/>
    <keyword type="macro" name="SCHAR_MAX" link="c/types/limits"/>
    <keyword type="macro" name="SHRT_MAX" link="c/types/limits"/>
    <keyword type="macro" name="INT_MAX" link="c/types/limits"/>
    <keyword type="macro" name="LONG_MAX" link="c/types/limits"/>
    <keyword type="macro" name="LLONG_MAX" link="c/types/limits"/>
    <keyword type="macro" name="UCHAR_MAX" link="c/types/limits"/>
    <keyword type="macro" name="USHRT_MAX" link="c/types/limits"/>
    <keyword type="macro" name="UINT_MAX" link="c/types/limits"/>
    <keyword type="macro" name="ULONG_MAX" link="c/types/limits"/>
    <keyword type="macro" name="ULLONG_MAX" link="c/types/limits"/>
    <keyword type="macro" name="FLT_RADIX" link="c/types/limits"/>
    <keyword type="macro" name="DECIMAL_DIG" link="c/types/limits"/>
    <keyword type="macro" name="FLT_MIN" link="c/types/limits"/>
    <keyword type="macro" name="DBL_MIN" link="c/types/limits"/>
    <keyword type="macro" name="LDBL_MIN" link="c/types/limits"/>
    <keyword type="macro" name="FLT_MAX" link="c/types/limits"/>
    <keyword type="macro" name="DBL_MAX" link="c/types/limits"/>
    <keyword type="macro" name="LDBL_MAX" link="c/types/limits"/>
    <keyword type="macro" name="FLT_EPSILON" link="c/types/limits"/>
    <keyword type="macro" name="DBL_EPSILON" link="c/types/limits"/>
    <keyword type="macro" name="LDBL_EPSILON" link="c/types/limits"/>
    <keyword type="macro" name="FLT_DIG" link="c/types/limits"/>
    <keyword type="macro" name="DBL_DIG" link="c/types/limits"/>
    <keyword type="macro" name="LDBL_DIG" link="c/types/limits"/>
    <keyword type="macro" name="FLT_MANT_DIG" link="c/types/limits"/>
    <keyword type="macro" name="DBL_MANT_DIG" link="c/types/limits"/>
    <keyword type="macro" name="LDBL_MANT_DIG" link="c/types/limits"/>
    <keyword type="macro" name="FLT_MIN_EXP" link="c/types/limits"/>
    <keyword type="macro" name="DBL_MIN_EXP" link="c/types/limits"/>
    <keyword type="macro" name="LDBL_MIN_EXP" link="c/types/limits"/>
    <keyword type="macro" name="FLT_MIN_10_EXP" link="c/types/limits"/>
    <keyword type="macro" name="DBL_MIN_10_EXP" link="c/types/limits"/>
    <keyword type="macro" name="LDBL_MIN_10_EXP" link="c/types/limits"/>
    <keyword type="macro" name="FLT_MAX_EXP" link="c/types/limits"/>
    <keyword type="macro" name="DBL_MAX_EXP" link="c/types/limits"/>
    <keyword type="macro" name="LDBL_MAX_EXP" link="c/types/limits"/>
    <keyword type="macro" name="FLT_MAX_10_EXP" link="c/types/limits"/>
    <keyword type="macro" name="DBL_MAX_10_EXP" link="c/types/limits"/>
    <keyword type="macro" name="LDBL_MAX_10_EXP" link="c/types/limits"/>
    <keyword type="macro" name="FLT_ROUNDS" link="c/types/limits/FLT_ROUNDS"/>
    <keyword type="macro" name="FLT_EVAL_METHOD" link="c/types/limits/FLT_EVAL_METHOD"/>
    <keyword type="function" name="malloc" link="c/memory/malloc"/>
    <keyword type="function" name="calloc" link="c/memory/calloc"/>
    <keyword type="function" name="realloc" link="c/memory/realloc"/>
    <keyword type="function" name="free" link="c/memory/free"/>
    <keyword type="function" name="assert" link="c/error/assert"/>
    <keyword type="macro" name="errno" link="c/error/errno"/>
    <keyword type="macro" name="E2BIG" link="c/error/errno_macros"/>
    <keyword type="macro" name="EACCESS" link="c/error/errno_macros"/>
    <keyword type="macro" name="EADDRINUSE" link="c/error/errno_macros"/>
    <keyword type="macro" name="EADDRNOTAVAIL" link="c/error/errno_macros"/>
    <keyword type="macro" name="EAFNOSUPPORT" link="c/error/errno_macros"/>
    <keyword type="macro" name="EAGAIN" link="c/error/errno_macros"/>
    <keyword type="macro" name="EALREADY" link="c/error/errno_macros"/>
    <keyword type="macro" name="EBADF" link="c/error/errno_macros"/>
    <keyword type="macro" name="EBADMSG" link="c/error/errno_macros"/>
    <keyword type="macro" name="EBUSY" link="c/error/errno_macros"/>
    <keyword type="macro" name="ECANCELED" link="c/error/errno_macros"/>
    <keyword type="macro" name="ECHILD" link="c/error/errno_macros"/>
    <keyword type="macro" name="ECONNABORTED" link="c/error/errno_macros"/>
    <keyword type="macro" name="ECONNREFUSED" link="c/error/errno_macros"/>
    <keyword type="macro" name="ECONNRESET" link="c/error/errno_macros"/>
    <keyword type="macro" name="EDEADLK" link="c/error/errno_macros"/>
    <keyword type="macro" name="EDESTADDRREQ" link="c/error/errno_macros"/>
    <keyword type="macro" name="EDOM" link="c/error/errno_macros"/>
    <keyword type="macro" name="EEXIST" link="c/error/errno_macros"/>
    <keyword type="macro" name="EFAULT" link="c/error/errno_macros"/>
    <keyword type="macro" name="EFBIG" link="c/error/errno_macros"/>
    <keyword type="macro" name="EHOSTUNREACH" link="c/error/errno_macros"/>
    <keyword type="macro" name="EIDRM" link="c/error/errno_macros"/>
    <keyword type="macro" name="EILSEQ" link="c/error/errno_macros"/>
    <keyword type="macro" name="EINPROGRESS" link="c/error/errno_macros"/>
    <keyword type="macro" name="EINTR" link="c/error/errno_macros"/>
    <keyword type="macro" name="EINVAL" link="c/error/errno_macros"/>
    <keyword type="macro" name="EIO" link="c/error/errno_macros"/>
    <keyword type="macro" name="EISCONN" link="c/error/errno_macros"/>
    <keyword type="macro" name="EISDIR" link="c/error/errno_macros"/>
    <keyword type="macro" name="ELOOP" link="c/error/errno_macros"/>
    <keyword type="macro" name="EMFILE" link="c/error/errno_macros"/>
    <keyword type="macro" name="EMLINK" link="c/error/errno_macros"/>
    <keyword type="macro" name="EMSGSIZE" link="c/error/errno_macros"/>
    <keyword type="macro" name="ENAMETOOLONG" link="c/error/errno_macros"/>
    <keyword type="macro" name="ENETDOWN" link="c/error/errno_macros"/>
    <keyword type="macro" name="ENETRESET" link="c/error/errno_macros"/>
    <keyword type="macro" name="ENETUNREACH" link="c/error/errno_macros"/>
    <keyword type="macro" name="ENFILE" link="c/error/errno_macros"/>
    <keyword type="macro" name="ENOBUFS" link="c/error/errno_macros"/>
    <keyword type="macro" name="ENODATA" link="c/error/errno_macros"/>
    <keyword type="macro" name="ENODEV" link="c/error/errno_macros"/>
    <keyword type="macro" name="ENOENT" link="c/error/errno_macros"/>
    <keyword type="macro" name="ENOEXEC" link="c/error/errno_macros"/>
    <keyword type="macro" name="ENOLCK" link="c/error/errno_macros"/>
    <keyword type="macro" name="ENOLINK" link="c/error/errno_macros"/>
    <keyword type="macro" name="ENOMEM" link="c/error/errno_macros"/>
    <keyword type="macro" name="ENOMSG" link="c/error/errno_macros"/>
    <keyword type="macro" name="ENOPROTOOPT" link="c/error/errno_macros"/>
    <keyword type="macro" name="ENOSPC" link="c/error/errno_macros"/>
    <keyword type="macro" name="ENOSR" link="c/error/errno_macros"/>
    <keyword type="macro" name="ENOSTR" link="c/error/errno_macros"/>
    <keyword type="macro" name="ENOSYS" link="c/error/errno_macros"/>
    <keyword type="macro" name="ENOTCONN" link="c/error/errno_macros"/>
    <keyword type="macro" name="ENOTDIR" link="c/error/errno_macros"/>
    <keyword type="macro" name="ENOTEMPTY" link="c/error/errno_macros"/>
    <keyword type="macro" name="ENOTRECOVERABLE" link="c/error/errno_macros"/>
    <keyword type="macro" name="ENOTSOCK" link="c/error/errno_macros"/>
    <keyword type="macro" name="ENOTSUP" link="c/error/errno_macros"/>
    <keyword type="macro" name="ENOTTY" link="c/error/errno_macros"/>
    <keyword type="macro" name="ENXIO" link="c/error/errno_macros"/>
    <keyword type="macro" name="EOPNOTSUPP" link="c/error/errno_macros"/>
    <keyword type="macro" name="EOVERFLOW" link="c/error/errno_macros"/>
    <keyword type="macro" name="EOWNERDEAD" link="c/error/errno_macros"/>
    <keyword type="macro" name="EPERM" link="c/error/errno_macros"/>
    <keyword type="macro" name="EPIPE" link="c/error/errno_macros"/>
    <keyword type="macro" name="EPROTO" link="c/error/errno_macros"/>
    <keyword type="macro" name="EPROTONOSUPPORT" link="c/error/errno_macros"/>
    <keyword type="macro" name="EPROTOTYPE" link="c/error/errno_macros"/>
    <keyword type="macro" name="ERANGE" link="c/error/errno_macros"/>
    <keyword type="macro" name="EROFS" link="c/error/errno_macros"/>
    <keyword type="macro" name="ESPIPE" link="c/error/errno_macros"/>
    <keyword type="macro" name="ESRCH" link="c/error/errno_macros"/>
    <keyword type="macro" name="ETIME" link="c/error/errno_macros"/>
    <keyword type="macro" name="ETIMEDOUT" link="c/error/errno_macros"/>
    <keyword type="macro" name="ETXTBSY" link="c/error/errno_macros"/>
    <keyword type="macro" name="EWOULDBLOCK" link="c/error/errno_macros"/>
    <keyword type="macro" name="EXDEV" link="c/error/errno_macros"/>
    <keyword type="function" name="abort" link="c/program/abort"/>
    <keyword type="function" name="exit" link="c/program/exit"/>
    <keyword type="function" name="quick_exit" link="c/program/quick_exit"/>
    <keyword type="function" name="_Exit" link="c/program/_Exit"/>
    <keyword type="function" name="atexit" link="c/program/atexit"/>
    <keyword type="function" name="at_quick_exit" link="c/program/at_quick_exit"/>
    <keyword type="macro" name="EXIT_SUCCESS" link="c/program/EXIT_status"/>
    <keyword type="macro" name="EXIT_FAILURE" link="c/program/EXIT_status"/>
    <keyword type="function" name="system" link="c/program/system"/>
    <keyword type="function" name="getenv" link="c/program/getenv"/>
    <keyword type="function" name="signal" link="c/program/signal"/>
    <keyword type="function" name="raise" link="c/program/raise"/>
    <keyword type="typedef" name="sig_atomic_t" link="c/program/sig_atomic_t"/>
    <keyword type="macro" name="SIG_DFL" link="c/program/SIG_strategies"/>
    <keyword type="macro" name="SIG_IGN" link="c/program/SIG_strategies"/>
    <keyword type="macro" name="SIG_ERR" link="c/program/SIG_ERR"/>
    <keyword type="macro" name="SIGABRT" link="c/program/SIG_types"/>
    <keyword type="macro" name="SIGFPE" link="c/program/SIG_types"/>
    <keyword type="macro" name="SIGILL" link="c/program/SIG_types"/>
    <keyword type="macro" name="SIGINT" link="c/program/SIG_types"/>
    <keyword type="macro" name="SIGSEGV" link="c/program/SIG_types"/>
    <keyword type="macro" name="SIGTERM" link="c/program/SIG_types"/>
    <keyword type="function" name="longjmp" link="c/program/longjmp"/>
    <keyword type="function" name="setjmp" link="c/program/setjmp"/>
    <keyword type="typedef" name="jmp_buf" link="c/program/jmp_buf"/>
    <keyword type="function" name="difftime" link="c/chrono/difftime"/>
    <keyword type="function" name="time" link="c/chrono/time"/>
    <keyword type="function" name="clock" link="c/chrono/clock"/>
    <keyword type="function" name="asctime" link="c/chrono/asctime"/>
    <keyword type="function" name="ctime" link="c/chrono/ctime"/>
    <keyword type="function" name="strftime" link="c/chrono/strftime"/>
    <keyword type="function" name="wcsftime" link="c/chrono/wcsftime"/>
    <keyword type="function" name="gmtime" link="c/chrono/gmtime"/>
    <keyword type="function" name="localtime" link="c/chrono/localtime"/>
    <keyword type="function" name="mktime" link="c/chrono/mktime"/>
    <keyword type="macro" name="CLOCKS_PER_SEC" link="c/chrono/CLOCKS_PER_SEC"/>
    <keyword type="class" name="tm" link="c/chrono/tm"/>
    <keyword type="typedef" name="time_t" link="c/chrono/time_t"/>
    <keyword type="typedef" name="clock_t" link="c/chrono/clock_t"/>
    <keyword type="typedef" name="timespec" link="c/chrono/timespec"/>
    <keyword type="function" name="isalnum" link="c/string/byte/isalnum"/>
    <keyword type="function" name="isalpha" link="c/string/byte/isalpha"/>
    <keyword type="function" name="islower" link="c/string/byte/islower"/>
    <keyword type="function" name="isupper" link="c/string/byte/isupper"/>
    <keyword type="function" name="isdigit" link="c/string/byte/isdigit"/>
    <keyword type="function" name="isxdigit" link="c/string/byte/isxdigit"/>
    <keyword type="function" name="iscntrl" link="c/string/byte/iscntrl"/>
    <keyword type="function" name="isgraph" link="c/string/byte/isgraph"/>
    <keyword type="function" name="isspace" link="c/string/byte/isspace"/>
    <keyword type="function" name="isblank" link="c/string/byte/isblank"/>
    <keyword type="function" name="isprint" link="c/string/byte/isprint"/>
    <keyword type="function" name="ispunct" link="c/string/byte/ispunct"/>
    <keyword type="function" name="tolower" link="c/string/byte/tolower"/>
    <keyword type="function" name="toupper" link="c/string/byte/toupper"/>
    <keyword type="function" name="atof" link="c/string/byte/atof"/>
    <keyword type="function" name="atoi" link="c/string/byte/atoi"/>
    <keyword type="function" name="atol" link="c/string/byte/atoi"/>
    <keyword type="function" name="atoll" link="c/string/byte/atoi"/>
    <keyword type="function" name="strtol" link="c/string/byte/strtol"/>
    <keyword type="function" name="strtoll" link="c/string/byte/strtol"/>
    <keyword type="function" name="strtoul" link="c/string/byte/strtoul"/>
    <keyword type="function" name="strtoull" link="c/string/byte/strtoul"/>
    <keyword type="function" name="strtof" link="c/string/byte/strtof"/>
    <keyword type="function" name="strtod" link="c/string/byte/strtof"/>
    <keyword type="function" name="strtold" link="c/string/byte/strtof"/>
    <keyword type="function" name="strtoimax" link="c/string/byte/strtoimax"/>
    <keyword type="function" name="strtoumax" link="c/string/byte/strtoimax"/>
    <keyword type="function" name="strcpy" link="c/string/byte/strcpy"/>
    <keyword type="function" name="strncpy" link="c/string/byte/strncpy"/>
    <keyword type="function" name="strcat" link="c/string/byte/strcat"/>
    <keyword type="function" name="strncat" link="c/string/byte/strncat"/>
    <keyword type="function" name="strxfrm" link="c/string/byte/strxfrm"/>
    <keyword type="function" name="strlen" link="c/string/byte/strlen"/>
    <keyword type="function" name="strcmp" link="c/string/byte/strcmp"/>
    <keyword type="function" name="strncmp" link="c/string/byte/strncmp"/>
    <keyword type="function" name="strcoll" link="c/string/byte/strcoll"/>
    <keyword type="function" name="strchr" link="c/string/byte/strchr"/>
    <keyword type="function" name="strrchr" link="c/string/byte/strrchr"/>
    <keyword type="function" name="strspn" link="c/string/byte/strspn"/>
    <keyword type="function" name="strcspn" link="c/string/byte/strcspn"/>
    <keyword type="function" name="strpbrk" link="c/string/byte/strpbrk"/>
    <keyword type="function" name="strstr" link="c/string/byte/strstr"/>
    <keyword type="function" name="strtok" link="c/string/byte/strtok"/>
    <keyword type="function" name="memchr" link="c/string/byte/memchr"/>
    <keyword type="function" name="memcmp" link="c/string/byte/memcmp"/>
    <keyword type="function" name="memset" link="c/string/byte/memset"/>
    <keyword type="function" name="memcpy" link="c/string/byte/memcpy"/>
    <keyword type="function" name="memmove" link="c/string/byte/memmove"/>
    <keyword type="function" name="strerror" link="c/string/byte/strerror"/>
    <keyword type="function" name="mblen" link="c/string/multibyte/mblen"/>
    <keyword type="function" name="mbtowc" link="c/string/multibyte/mbtowc"/>
    <keyword type="function" name="wctomb" link="c/string/multibyte/wctomb"/>
    <keyword type="function" name="mbstowcs" link="c/string/multibyte/mbstowcs"/>
    <keyword type="function" name="wcstombs" link="c/string/multibyte/wcstombs"/>
    <keyword type="function" name="mbsinit" link="c/string/multibyte/mbsinit"/>
    <keyword type="function" name="btowc" link="c/string/multibyte/btowc"/>
    <keyword type="function" name="wctob" link="c/string/multibyte/wctob"/>
    <keyword type="function" name="mbrlen" link="c/string/multibyte/mbrlen"/>
    <keyword type="function" name="mbrtowc" link="c/string/multibyte/mbrtowc"/>
    <keyword type="function" name="wcrtomb" link="c/string/multibyte/wcrtomb"/>
    <keyword type="function" name="mbsrtowcs" link="c/string/multibyte/mbsrtowcs"/>
    <keyword type="function" name="wcsrtombs" link="c/string/multibyte/wcsrtombs"/>
    <keyword type="function" name="mbrtoc16" link="c/string/multibyte/mbrtoc16"/>
    <keyword type="function" name="c16rtomb" link="c/string/multibyte/c16rtomb"/>
    <keyword type="function" name="mbrtoc32" link="c/string/multibyte/mbrtoc32"/>
    <keyword type="function" name="c32rtomb" link="c/string/multibyte/c32rtomb"/>
    <keyword type="class" name="mbstate_t" link="c/string/multibyte/mbstate_t"/>
    <keyword type="function" name="iswalnum" link="c/string/wide/iswalnum"/>
    <keyword type="function" name="iswalpha" link="c/string/wide/iswalpha"/>
    <keyword type="function" name="iswlower" link="c/string/wide/iswlower"/>
    <keyword type="function" name="iswupper" link="c/string/wide/iswupper"/>
    <keyword type="function" name="iswdigit" link="c/string/wide/iswdigit"/>
    <keyword type="function" name="iswxdigit" link="c/string/wide/iswxdigit"/>
    <keyword type="function" name="iswcntrl" link="c/string/wide/iswcntrl"/>
    <keyword type="function" name="iswgraph" link="c/string/wide/iswgraph"/>
    <keyword type="function" name="iswspace" link="c/string/wide/iswspace"/>
    <keyword type="function" name="iswblank" link="c/string/wide/iswblank"/>
    <keyword type="function" name="iswprint" link="c/string/wide/iswprint"/>
    <keyword type="function" name="iswpunct" link="c/string/wide/iswpunct"/>
    <keyword type="function" name="iswctype" link="c/string/wide/iswctype"/>
    <keyword type="function" name="wctype" link="c/string/wide/wctype"/>
    <keyword type="function" name="towlower" link="c/string/wide/towlower"/>
    <keyword type="function" name="towupper" link="c/string/wide/towupper"/>
    <keyword type="function" name="towctrans" link="c/string/wide/towctrans"/>
    <keyword type="function" name="wctrans" link="c/string/wide/wctrans"/>
    <keyword type="function" name="wcstof" link="c/string/wide/wcstof"/>
    <keyword type="function" name="wcstod" link="c/string/wide/wcstof"/>
    <keyword type="function" name="wcstold" link="c/string/wide/wcstof"/>
    <keyword type="function" name="wcstol" link="c/string/wide/wcstol"/>
    <keyword type="function" name="wcstoll" link="c/string/wide/wcstol"/>
    <keyword type="function" name="wcstoul" link="c/string/wide/wcstoul"/>
    <keyword type="function" name="wcstoull" link="c/string/wide/wcstoul"/>
    <keyword type="function" name="wcstoimax" link="c/string/wide/wcstoimax"/>
    <keyword type="function" name="wcstoumax" link="c/string/wide/wcstoimax"/>
    <keyword type="function" name="wcscpy" link="c/string/wide/wcscpy"/>
    <keyword type="function" name="wcsncpy" link="c/string/wide/wcsncpy"/>
    <keyword type="function" name="wcscat" link="c/string/wide/wcscat"/>
    <keyword type="function" name="wcsncat" link="c/string/wide/wcsncat"/>
    <keyword type="function" name="wcsxfrm" link="c/string/wide/wcsxfrm"/>
    <keyword type="function" name="wcslen" link="c/string/wide/wcslen"/>
    <keyword type="function" name="wcscmp" link="c/string/wide/wcscmp"/>
    <keyword type="function" name="wcsncmp" link="c/string/wide/wcsncmp"/>
    <keyword type="function" name="wcscoll" link="c/string/wide/wcscoll"/>
    <keyword type="function" name="wcschr" link="c/string/wide/wcschr"/>
    <keyword type="function" name="wcsrchr" link="c/string/wide/wcsrchr"/>
    <keyword type="function" name="wcsspn" link="c/string/wide/wcsspn"/>
    <keyword type="function" name="wcscspn" link="c/string/wide/wcscspn"/>
    <keyword type="function" name="wcspbrk" link="c/string/wide/wcspbrk"/>
    <keyword type="function" name="wcsstr" link="c/string/wide/wcsstr"/>
    <keyword type="function" name="wcstok" link="c/string/wide/wcstok"/>
    <keyword type="function" name="wmemchr" link="c/string/wide/wmemchr"/>
    <keyword type="function" name="wmemcmp" link="c/string/wide/wmemcmp"/>
    <keyword type="function" name="wmemset" link="c/string/wide/wmemset"/>
    <keyword type="function" name="wmemcpy" link="c/string/wide/wmemcpy"/>
    <keyword type="function" name="wmemmove" link="c/string/wide/wmemmove"/>
    <keyword type="function" name="abs" link="c/numeric/math/abs"/>
    <keyword type="function" name="labs" link="c/numeric/math/abs"/>
    <keyword type="function" name="llabs" link="c/numeric/math/abs"/>
    <keyword type="function" name="fabs" link="c/numeric/math/fabs"/>
    <keyword type="function" name="div" link="c/numeric/math/div"/>
    <keyword type="function" name="ldiv" link="c/numeric/math/div"/>
    <keyword type="function" name="fmod" link="c/numeric/math/fmod"/>
    <keyword type="function" name="remainder" link="c/numeric/math/remainder"/>
    <keyword type="function" name="remquo" link="c/numeric/math/remquo"/>
    <keyword type="function" name="fma" link="c/numeric/math/fma"/>
    <keyword type="function" name="fmax" link="c/numeric/math/fmax"/>
    <keyword type="function" name="fmin" link="c/numeric/math/fmin"/>
    <keyword type="function" name="fdim" link="c/numeric/math/fdim"/>
    <keyword type="function" name="nan" link="c/numeric/math/nan"/>
    <keyword type="function" name="nanf" link="c/numeric/math/nan"/>
    <keyword type="function" name="nanl" link="c/numeric/math/nan"/>
    <keyword type="function" name="exp" link="c/numeric/math/exp"/>
    <keyword type="function" name="exp2" link="c/numeric/math/exp2"/>
    <keyword type="function" name="expm1" link="c/numeric/math/expm1"/>
    <keyword type="function" name="log" link="c/numeric/math/log"/>
    <keyword type="function" name="log10" link="c/numeric/math/log10"/>
    <keyword type="function" name="log1p" link="c/numeric/math/log1p"/>
    <keyword type="function" name="ilogb" link="c/numeric/math/ilogb"/>
    <keyword type="function" name="logb" link="c/numeric/math/logb"/>
    <keyword type="function" name="sqrt" link="c/numeric/math/sqrt"/>
    <keyword type="function" name="cbrt" link="c/numeric/math/cbrt"/>
    <keyword type="function" name="hypot" link="c/numeric/math/hypot"/>
    <keyword type="function" name="pow" link="c/numeric/math/pow"/>
    <keyword type="function" name="sin" link="c/numeric/math/sin"/>
    <keyword type="function" name="cos" link="c/numeric/math/cos"/>
    <keyword type="function" name="tan" link="c/numeric/math/tan"/>
    <keyword type="function" name="asin" link="c/numeric/math/asin"/>
    <keyword type="function" name="acos" link="c/numeric/math/acos"/>
    <keyword type="function" name="atan" link="c/numeric/math/atan"/>
    <keyword type="function" name="atan2" link="c/numeric/math/atan2"/>
    <keyword type="function" name="sinh" link="c/numeric/math/sinh"/>
    <keyword type="function" name="cosh" link="c/numeric/math/cosh"/>
    <keyword type="function" name="tanh" link="c/numeric/math/tanh"/>
    <keyword type="function" name="asinh" link="c/numeric/math/asinh"/>
    <keyword type="function" name="acosh" link="c/numeric/math/acosh"/>
    <keyword type="function" name="atanh" link="c/numeric/math/atanh"/>
    <keyword type="function" name="erf" link="c/numeric/math/erf"/>
    <keyword type="function" name="erfc" link="c/numeric/math/erfc"/>
    <keyword type="function" name="lgamma" link="c/numeric/math/lgamma"/>
    <keyword type="function" name="tgamma" link="c/numeric/math/tgamma"/>
    <keyword type="function" name="ceil" link="c/numeric/math/ceil"/>
    <keyword type="function" name="floor" link="c/numeric/math/floor"/>
    <keyword type="function" name="trunc" link="c/numeric/math/trunc"/>
    <keyword type="function" name="round" link="c/numeric/math/round"/>
    <keyword type="function" name="lround" link="c/numeric/math/round"/>
    <keyword type="function" name="llround" link="c/numeric/math/round"/>
    <keyword type="function" name="nearbyint" link="c/numeric/math/nearbyint"/>
    <keyword type="function" name="rint" link="c/numeric/math/rint"/>
    <keyword type="function" name="lrint" link="c/numeric/math/rint"/>
    <keyword type="function" name="llrint" link="c/numeric/math/rint"/>
    <keyword type="function" name="frexp" link="c/numeric/math/frexp"/>
    <keyword type="function" name="ldexp" link="c/numeric/math/ldexp"/>
    <keyword type="function" name="modf" link="c/numeric/math/modf"/>
    <keyword type="function" name="scalbn" link="c/numeric/math/scalbn"/>
    <keyword type="function" name="scalbln" link="c/numeric/math/scalbn"/>
    <keyword type="function" name="nextafter" link="c/numeric/math/nextafter"/>
    <keyword type="function" name="nexttoward" link="c/numeric/math/nextafter"/>
    <keyword type="function" name="copysign" link="c/numeric/math/copysign"/>
    <keyword type="function" name="fpclassify" link="c/numeric/math/fpclassify"/>
    <keyword type="function" name="isfinite" link="c/numeric/math/isfinite"/>
    <keyword type="function" name="isinf" link="c/numeric/math/isinf"/>
    <keyword type="function" name="isnan" link="c/numeric/math/isnan"/>
    <keyword type="function" name="isnormal" link="c/numeric/math/isnormal"/>
    <keyword type="function" name="signbit" link="c/numeric/math/signbit"/>
    <keyword type="macro" name="HUGE_VAL" link="c/numeric/math/HUGE_VAL"/>
    <keyword type="macro" name="HUGE_VALF" link="c/numeric/math/HUGE_VAL"/>
    <keyword type="macro" name="HUGE_VALL" link="c/numeric/math/HUGE_VAL"/>
    <keyword type="macro" name="FP_INFINITE" link="c/numeric/math/FP_categories"/>
    <keyword type="macro" name="FP_NAN" link="c/numeric/math/FP_categories"/>
    <keyword type="macro" name="FP_NORMAL" link="c/numeric/math/FP_categories"/>
    <keyword type="macro" name="FP_SUBNORMAL" link="c/numeric/math/FP_categories"/>
    <keyword type="macro" name="FP_ZERO" link="c/numeric/math/FP_categories"/>
    <keyword type="function" name="feclearexcept" link="c/numeric/fenv/feclearexcept"/>
    <keyword type="function" name="fetestexcept" link="c/numeric/fenv/fetestexcept"/>
    <keyword type="function" name="feraiseexcept" link="c/numeric/fenv/feraiseexcept"/>
    <keyword type="function" name="fegetexceptflag" link="c/numeric/fenv/feexceptflag"/>
    <keyword type="function" name="fesetexceptflag" link="c/numeric/fenv/feexceptflag"/>
    <keyword type="function" name="fegetround" link="c/numeric/fenv/feround"/>
    <keyword type="function" name="fesetround" link="c/numeric/fenv/feround"/>
    <keyword type="function" name="fegetenv" link="c/numeric/fenv/feenv"/>
    <keyword type="function" name="fesetenv" link="c/numeric/fenv/feenv"/>
    <keyword type="function" name="feholdexcept" link="c/numeric/fenv/feholdexcept"/>
    <keyword type="function" name="feupdateenv" link="c/numeric/fenv/feupdateenv"/>
    <keyword type="macro" name="FE_ALL_EXCEPT" link="c/numeric/fenv/FE_exceptions"/>
    <keyword type="macro" name="FE_DIVBYZERO" link="c/numeric/fenv/FE_exceptions"/>
    <keyword type="macro" name="FE_INEXACT" link="c/numeric/fenv/FE_exceptions"/>
    <keyword type="macro" name="FE_INVALID" link="c/numeric/fenv/FE_exceptions"/>
    <keyword type="macro" name="FE_OVERFLOW" link="c/numeric/fenv/FE_exceptions"/>
    <keyword type="macro" name="FE_UNDERFLOW" link="c/numeric/fenv/FE_exceptions"/>
    <keyword type="macro" name="FE_DOWNWARD" link="c/numeric/fenv/FE_round"/>
    <keyword type="macro" name="FE_TONEAREST" link="c/numeric/fenv/FE_round"/>
    <keyword type="macro" name="FE_TOWARDZERO" link="c/numeric/fenv/FE_round"/>
    <keyword type="macro" name="FE_UPWARD" link="c/numeric/fenv/FE_round"/>
    <keyword type="macro" name="FE_DFL_ENV" link="c/numeric/fenv/FE_DFL_ENV"/>
    <keyword type="function" name="srand" link="c/numeric/random/srand"/>
    <keyword type="function" name="rand" link="c/numeric/random/rand"/>
    <keyword type="macro" name="RAND_MAX" link="c/numeric/random/RAND_MAX"/>
    <keyword type="macro" name="complex" link="c/numeric/complex/complex"/>
    <keyword type="macro" name="_Complex_I" link="c/numeric/complex/Complex_I"/>
    <keyword type="macro" name="imaginary" link="c/numeric/complex/imaginary"/>
    <keyword type="macro" name="_Imaginary_I" link="c/numeric/complex/Imaginary_I"/>
    <keyword type="macro" name="_I" link="c/numeric/complex/I"/>
    <keyword type="function" name="CMPLX" link="c/numeric/complex/CMPLX"/>
    <keyword type="function" name="CMPLXF" link="c/numeric/complex/CMPLX"/>
    <keyword type="function" name="CMPLXL" link="c/numeric/complex/CMPLX"/>
    <keyword type="function" name="cimag" link="c/numeric/complex/cimag"/>
    <keyword type="function" name="cimagf" link="c/numeric/complex/cimag"/>
    <keyword type="function" name="cimagl" link="c/numeric/complex/cimag"/>
    <keyword type="function" name="creal" link="c/numeric/complex/creal"/>
    <keyword type="function" name="crealf" link="c/numeric/complex/creal"/>
    <keyword type="function" name="creall" link="c/numeric/complex/creal"/>
    <keyword type="function" name="carg" link="c/numeric/complex/carg"/>
    <keyword type="function" name="cargf" link="c/numeric/complex/carg"/>
    <keyword type="function" name="cargl" link="c/numeric/complex/carg"/>
    <keyword type="function" name="conj" link="c/numeric/complex/conj"/>
    <keyword type="function" name="conjf" link="c/numeric/complex/conj"/>
    <keyword type="function" name="conjl" link="c/numeric/complex/conj"/>
    <keyword type="function" name="cproj" link="c/numeric/complex/cproj"/>
    <keyword type="function" name="cprojf" link="c/numeric/complex/cproj"/>
    <keyword type="function" name="cprojl" link="c/numeric/complex/cproj"/>
    <keyword type="function" name="cabs" link="c/numeric/complex/cabs"/>
    <keyword type="function" name="cabsf" link="c/numeric/complex/cabs"/>
    <keyword type="function" name="cabsl" link="c/numeric/complex/cabs"/>
    <keyword type="function" name="cexp" link="c/numeric/complex/cexp"/>
    <keyword type="function" name="cexpf" link="c/numeric/complex/cexp"/>
    <keyword type="function" name="cexpl" link="c/numeric/complex/cexp"/>
    <keyword type="function" name="clog" link="c/numeric/complex/clog"/>
    <keyword type="function" name="clogf" link="c/numeric/complex/clog"/>
    <keyword type="function" name="clogl" link="c/numeric/complex/clog"/>
    <keyword type="function" name="cpow" link="c/numeric/complex/cpow"/>
    <keyword type="function" name="cpowf" link="c/numeric/complex/cpow"/>
    <keyword type="function" name="cpowl" link="c/numeric/complex/cpow"/>
    <keyword type="function" name="csqrt" link="c/numeric/complex/csqrt"/>
    <keyword type="function" name="csqrtf" link="c/numeric/complex/csqrt"/>
    <keyword type="function" name="csqrtl" link="c/numeric/complex/csqrt"/>
    <keyword type="function" name="cacos" link="c/numeric/complex/cacos"/>
    <keyword type="function" name="cacosf" link="c/numeric/complex/cacos"/>
    <keyword type="function" name="cacosl" link="c/numeric/complex/cacos"/>
    <keyword type="function" name="casin" link="c/numeric/complex/casin"/>
    <keyword type="function" name="casinf" link="c/numeric/complex/casin"/>
    <keyword type="function" name="casinl" link="c/numeric/complex/casin"/>
    <keyword type="function" name="catan" link="c/numeric/complex/catan"/>
    <keyword type="function" name="catanf" link="c/numeric/complex/catan"/>
    <keyword type="function" name="catanl" link="c/numeric/complex/catan"/>
    <keyword type="function" name="ccos" link="c/numeric/complex/ccos"/>
    <keyword type="function" name="ccosf" link="c/numeric/complex/ccos"/>
    <keyword type="function" name="ccosl" link="c/numeric/complex/ccos"/>
    <keyword type="function" name="csin" link="c/numeric/complex/csin"/>
    <keyword type="function" name="csinf" link="c/numeric/complex/csin"/>
    <keyword type="function" name="csinl" link="c/numeric/complex/csin"/>
    <keyword type="function" name="ctan" link="c/numeric/complex/ctan"/>
    <keyword type="function" name="ctanf" link="c/numeric/complex/ctan"/>
    <keyword type="function" name="ctanl" link="c/numeric/complex/ctan"/>
    <keyword type="function" name="cacosh" link="c/numeric/complex/cacosh"/>
    <keyword type="function" name="cacoshf" link="c/numeric/complex/cacosh"/>
    <keyword type="function" name="cacoshl" link="c/numeric/complex/cacosh"/>
    <keyword type="function" name="casinh" link="c/numeric/complex/casinh"/>
    <keyword type="function" name="casinhf" link="c/numeric/complex/casinh"/>
    <keyword type="function" name="casinhl" link="c/numeric/complex/casinh"/>
    <keyword type="function" name="catanh" link="c/numeric/complex/catanh"/>
    <keyword type="function" name="catanhf" link="c/numeric/complex/catanh"/>
    <keyword type="function" name="catanhl" link="c/numeric/complex/catanh"/>
    <keyword type="function" name="ccosh" link="c/numeric/complex/ccosh"/>
    <keyword type="function" name="ccoshf" link="c/numeric/complex/ccosh"/>
    <keyword type="function" name="ccoshl" link="c/numeric/complex/ccosh"/>
    <keyword type="function" name="csinh" link="c/numeric/complex/csinh"/>
    <keyword type="function" name="csinhf" link="c/numeric/complex/csinh"/>
    <keyword type="function" name="csinhl" link="c/numeric/complex/csinh"/>
    <keyword type="function" name="ctanh" link="c/numeric/complex/ctanh"/>
    <keyword type="function" name="ctanhf" link="c/numeric/complex/ctanh"/>
    <keyword type="function" name="ctanhl" link="c/numeric/complex/ctanh"/>
    <keyword type="function" name="qsort" link="c/algorithm/qsort"/>
    <keyword type="function" name="bsearch" link="c/algorithm/bsearch"/>
    <keyword type="function" name="fopen" link="c/io/fopen"/>
    <keyword type="function" name="freopen" link="c/io/freopen"/>
    <keyword type="function" name="fflush" link="c/io/fflush"/>
    <keyword type="function" name="fclose" link="c/io/fclose"/>
    <keyword type="function" name="setbuf" link="c/io/setbuf"/>
    <keyword type="function" name="setvbuf" link="c/io/setvbuf"/>
    <keyword type="function" name="fread" link="c/io/fread"/>
    <keyword type="function" name="fwrite" link="c/io/fwrite"/>
    <keyword type="function" name="fgetc" link="c/io/fgetc"/>
    <keyword type="function" name="getc" link="c/io/fgetc"/>
    <keyword type="function" name="fgets" link="c/io/fgets"/>
    <keyword type="function" name="fputc" link="c/io/fputc"/>
    <keyword type="function" name="putc" link="c/io/fputc"/>
    <keyword type="function" name="fputs" link="c/io/fputs"/>
    <keyword type="function" name="getchar" link="c/io/getchar"/>
    <keyword type="function" name="gets" link="c/io/gets"/>
    <keyword type="function" name="putchar" link="c/io/putchar"/>
    <keyword type="function" name="puts" link="c/io/puts"/>
    <keyword type="function" name="ungetc" link="c/io/ungetc"/>
    <keyword type="function" name="fgetwc" link="c/io/fgetwc"/>
    <keyword type="function" name="fgetss" link="c/io/fgetws"/>
    <keyword type="function" name="fputwc" link="c/io/fputwc"/>
    <keyword type="function" name="fputws" link="c/io/fputws"/>
    <keyword type="function" name="getwchar" link="c/io/getwchar"/>
    <keyword type="function" name="putwchar" link="c/io/putwchar"/>
    <keyword type="function" name="ungetwc" link="c/io/ungetwc"/>
    <keyword type="function" name="scanf" link="c/io/fscanf"/>
    <keyword type="function" name="fscanf" link="c/io/fscanf"/>
    <keyword type="function" name="sscanf" link="c/io/fscanf"/>
    <keyword type="function" name="vscanf" link="c/io/vfscanf"/>
    <keyword type="function" name="vfscanf" link="c/io/vfscanf"/>
    <keyword type="function" name="vsscanf" link="c/io/vfscanf"/>
    <keyword type="function" name="printf" link="c/io/fprintf"/>
    <keyword type="function" name="fprintf" link="c/io/fprintf"/>
    <keyword type="function" name="sprintf" link="c/io/fprintf"/>
    <keyword type="function" name="snprintf" link="c/io/fprintf"/>
    <keyword type="function" name="vprintf" link="c/io/vfprintf"/>
    <keyword type="function" name="vfprintf" link="c/io/vfprintf"/>
    <keyword type="function" name="vsprintf" link="c/io/vfprintf"/>
    <keyword type="function" name="vsnprintf" link="c/io/vfprintf"/>
    <keyword type="function" name="wscanf" link="c/io/fwscanf"/>
    <keyword type="function" name="fwscanf" link="c/io/fwscanf"/>
    <keyword type="function" name="swscanf" link="c/io/fwscanf"/>
    <keyword type="function" name="vwscanf" link="c/io/vfwscanf"/>
    <keyword type="function" name="vfwscanf" link="c/io/vfwscanf"/>
    <keyword type="function" name="vswscanf" link="c/io/vfwscanf"/>
    <keyword type="function" name="wprintf" link="c/io/fwprintf"/>
    <keyword type="function" name="fwprintf" link="c/io/fwprintf"/>
    <keyword type="function" name="swprintf" link="c/io/fwprintf"/>
    <keyword type="function" name="vwprintf" link="c/io/vfwprintf"/>
    <keyword type="function" name="vfwprintf" link="c/io/vfwprintf"/>
    <keyword type="function" name="vswprintf" link="c/io/vfwprintf"/>
    <keyword type="function" name="ftell" link="c/io/ftell"/>
    <keyword type="function" name="fgetpos" link="c/io/fgetpos"/>
    <keyword type="function" name="fseek" link="c/io/fseek"/>
    <keyword type="function" name="fsetpos" link="c/io/fsetpos"/>
    <keyword type="function" name="rewind" link="c/io/rewind"/>
    <keyword type="function" name="clearerr" link="c/io/clearerr"/>
    <keyword type="function" name="feof" link="c/io/feof"/>
    <keyword type="function" name="ferror" link="c/io/ferror"/>
    <keyword type="function" name="perror" link="c/io/perror"/>
    <keyword type="function" name="remove" link="c/io/remove"/>
    <keyword type="function" name="rename" link="c/io/rename"/>
    <keyword type="function" name="tmpfile" link="c/io/tmpfile"/>
    <keyword type="function" name="tmpnam" link="c/io/tmpnam"/>
    <keyword type="typedef" name="FILE" link="c/io"/>
    <keyword type="typedef" name="fpos_t" link="c/io"/>
    <keyword type="macro" name="stdin" link="c/io"/>
    <keyword type="macro" name="stdout" link="c/io"/>
    <keyword type="macro" name="stderr" link="c/io"/>
    <keyword type="macro" name="EOF" link="c/io"/>
    <keyword type="macro" name="FOPEN_MAX" link="c/io"/>
    <keyword type="macro" name="FILENAME_MAX" link="c/io"/>
    <keyword type="macro" name="BUFSIZ" link="c/io"/>
    <keyword type="macro" name="_IOFBF" link="c/io"/>
    <keyword type="macro" name="_IOLBF" link="c/io"/>
    <keyword type="macro" name="_IONBF" link="c/io"/>
    <keyword type="macro" name="SEEK_SET" link="c/io"/>
    <keyword type="macro" name="SEEK_CUR" link="c/io"/>
    <keyword type="macro" name="SEEK_END" link="c/io"/>
    <keyword type="macro" name="TMP_MAX" link="c/io"/>
    <keyword type="macro" name="L_tmpnam" link="c/io"/>
    <keyword type="function" name="setlocale" link="c/locale/setlocale"/>
    <keyword type="function" name="localeconv" link="c/locale/localeconv"/>
    <keyword type="class" name="lconv" link="c/locale/lconv"/>
    <keyword type="macro" name="LC_ALL" link="c/locale/LC_categories"/>
    <keyword type="macro" name="LC_COLLATE" link="c/locale/LC_categories"/>
    <keyword type="macro" name="LC_CTYPE" link="c/locale/LC_categories"/>
    <keyword type="macro" name="LC_MONETARY" link="c/locale/LC_categories"/>
    <keyword type="macro" name="LC_NUMERIC" link="c/locale/LC_categories"/>
    <keyword type="macro" name="LC_TIME" link="c/locale/LC_categories"/>
    <keyword type="enum" name="memory_order" link="c/atomic/memory_order"/>
    <keyword type="macro" name="memory_order_relaxed" link="c/atomic/memory_order"/>
    <keyword type="macro" name="memory_order_consume" link="c/atomic/memory_order"/>
    <keyword type="macro" name="memory_order_acquire" link="c/atomic/memory_order"/>
    <keyword type="macro" name="memory_order_release" link="c/atomic/memory_order"/>
    <keyword type="macro" name="memory_order_acq_rel" link="c/atomic/memory_order"/>
    <keyword type="macro" name="memory_order_seq_cst" link="c/atomic/memory_order"/>
    <keyword type="typedef" name="atomic_flag" link="c/atomic/atomic_flag"/>
    <keyword type="macro" name="ATOMIC_BOOL_LOCK_FREE" link="c/atomic/ATOMIC_LOCK_FREE_consts"/>
    <keyword type="macro" name="ATOMIC_CHAR_LOCK_FREE" link="c/atomic/ATOMIC_LOCK_FREE_consts"/>
    <keyword type="macro" name="ATOMIC_CHAR16_LOCK_FREE" link="c/atomic/ATOMIC_LOCK_FREE_consts"/>
    <keyword type="macro" name="ATOMIC_CHAR32_LOCK_FREE" link="c/atomic/ATOMIC_LOCK_FREE_consts"/>
    <keyword type="macro" name="ATOMIC_WCHAR_T_LOCK_FREE" link="c/atomic/ATOMIC_LOCK_FREE_consts"/>
    <keyword type="macro" name="ATOMIC_SHORT_LOCK_FREE" link="c/atomic/ATOMIC_LOCK_FREE_consts"/>
    <keyword type="macro" name="ATOMIC_INT_LOCK_FREE" link="c/atomic/ATOMIC_LOCK_FREE_consts"/>
    <keyword type="macro" name="ATOMIC_LONG_LOCK_FREE" link="c/atomic/ATOMIC_LOCK_FREE_consts"/>
    <keyword type="macro" name="ATOMIC_LLONG_LOCK_FREE" link="c/atomic/ATOMIC_LOCK_FREE_consts"/>
    <keyword type="macro" name="ATOMIC_POINTER_LOCK_FREE" link="c/atomic/ATOMIC_LOCK_FREE_consts"/>
    <keyword type="macro" name="ATOMIC_FLAG_INIT" link="c/atomic/ATOMIC_FLAG_INIT"/>
    <keyword type="function" name="ATOMIC_VAR_INIT" link="c/atomic/ATOMIC_VAR_INIT"/>
    <keyword type="function" name="kill_dependency" link="c/atomic/kill_dependency"/>
    <keyword type="function" name="atomic_flag_test_and_set" link="c/atomic/atomic_flag_test_and_set"/>
    <keyword type="function" name="atomic_flag_test_and_set_explicit" link="c/atomic/atomic_flag_test_and_set"/>
    <keyword type="function" name="atomic_flag_clear" link="c/atomic/atomic_flag_clear"/>
    <keyword type="function" name="atomic_flag_clear_explicit" link="c/atomic/atomic_flag_clear"/>
    <keyword type="function" name="atomic_init" link="c/atomic/atomic_init"/>
    <keyword type="function" name="atomic_is_lock_free" link="c/atomic/atomic_is_lock_free"/>
    <keyword type="function" name="atomic_store" link="c/atomic/atomic_store"/>
    <keyword type="function" name="atomic_store_explicit" link="c/atomic/atomic_store"/>
    <keyword type="function" name="atomic_load" link="c/atomic/atomic_load"/>
    <keyword type="function" name="atomic_load_explicit" link="c/atomic/atomic_load"/>
    <keyword type="function" name="atomic_exchange" link="c/atomic/atomic_exchange"/>
    <keyword type="function" name="atomic_exchange_explicit" link="c/atomic/atomic_exchange"/>
    <keyword type="function" name="atomic_compare_exchange_weak" link="c/atomic/atomic_compare_exchange"/>
    <keyword type="function" name="atomic_compare_exchange_weak_explicit" link="c/atomic/atomic_compare_exchange"/>
    <keyword type="function" name="atomic_compare_exchange_strong" link="c/atomic/atomic_compare_exchange"/>
    <keyword type="function" name="atomic_compare_exchange_strong_explicit" link="c/atomic/atomic_compare_exchange"/>
    <keyword type="function" name="atomic_fetch_add" link="c/atomic/atomic_fetch_add"/>
    <keyword type="function" name="atomic_fetch_add_explicit" link="c/atomic/atomic_fetch_add"/>
    <keyword type="function" name="atomic_fetch_sub" link="c/atomic/atomic_fetch_sub"/>
    <keyword type="function" name="atomic_fetch_sub_explicit" link="c/atomic/atomic_fetch_sub"/>
    <keyword type="function" name="atomic_fetch_or" link="c/atomic/atomic_fetch_or"/>
    <keyword type="function" name="atomic_fetch_or_explicit" link="c/atomic/atomic_fetch_or"/>
    <keyword type="function" name="atomic_fetch_xor" link="c/atomic/atomic_fetch_xor"/>
    <keyword type="function" name="atomic_fetch_xor_explicit" link="c/atomic/atomic_fetch_xor"/>
    <keyword type="function" name="atomic_fetch_and" link="c/atomic/atomic_fetch_and"/>
    <keyword type="function" name="atomic_fetch_and_explicit" link="c/atomic/atomic_fetch_and"/>
    <keyword type="function" name="atomic_thread_fence" link="c/atomic/atomic_thread_fence"/>
    <keyword type="function" name="atomic_signal_fence" link="c/atomic/atomic_signal_fence"/>
    <keyword type="typedef" name="atomic_bool" link="c/atomic"/>
    <keyword type="typedef" name="atomic_char" link="c/atomic"/>
    <keyword type="typedef" name="atomic_schar" link="c/atomic"/>
    <keyword type="typedef" name="atomic_uchar" link="c/atomic"/>
    <keyword type="typedef" name="atomic_short" link="c/atomic"/>
    <keyword type="typedef" name="atomic_ushort" link="c/atomic"/>
    <keyword type="typedef" name="atomic_int" link="c/atomic"/>
    <keyword type="typedef" name="atomic_uint" link="c/atomic"/>
    <keyword type="typedef" name="atomic_long" link="c/atomic"/>
    <keyword type="typedef" name="atomic_ulong" link="c/atomic"/>
    <keyword type="typedef" name="atomic_llong" link="c/atomic"/>
    <keyword type="typedef" name="atomic_ullong" link="c/atomic"/>
    <keyword type="typedef" name="atomic_char16_t" link="c/atomic"/>
    <keyword type="typedef" name="atomic_char32_t" link="c/atomic"/>
    <keyword type="typedef" name="atomic_wchar_t" link="c/atomic"/>
    <keyword type="typedef" name="atomic_int_least8_t" link="c/atomic"/>
    <keyword type="typedef" name="atomic_uint_least8_t" link="c/atomic"/>
    <keyword type="typedef" name="atomic_int_least16_t" link="c/atomic"/>
    <keyword type="typedef" name="atomic_uint_least16_t" link="c/atomic"/>
    <keyword type="typedef" name="atomic_int_least32_t" link="c/atomic"/>
    <keyword type="typedef" name="atomic_uint_least32_t" link="c/atomic"/>
    <keyword type="typedef" name="atomic_int_least64_t" link="c/atomic"/>
    <keyword type="typedef" name="atomic_uint_least64_t" link="c/atomic"/>
    <keyword type="typedef" name="atomic_int_fast8_t" link="c/atomic"/>
    <keyword type="typedef" name="atomic_uint_fast8_t" link="c/atomic"/>
    <keyword type="typedef" name="atomic_int_fast16_t" link="c/atomic"/>
    <keyword type="typedef" name="atomic_uint_fast16_t" link="c/atomic"/>
    <keyword type="typedef" name="atomic_int_fast32_t" link="c/atomic"/>
    <keyword type="typedef" name="atomic_uint_fast32_t" link="c/atomic"/>
    <keyword type="typedef" name="atomic_int_fast64_t" link="c/atomic"/>
    <keyword type="typedef" name="atomic_uint_fast64_t" link="c/atomic"/>
    <keyword type="typedef" name="atomic_intprt_t" link="c/atomic"/>
    <keyword type="typedef" name="atomic_uintprt_t" link="c/atomic"/>
    <keyword type="typedef" name="atomic_size_t" link="c/atomic"/>
    <keyword type="typedef" name="atomic_ptrdiff_t" link="c/atomic"/>
    <keyword type="typedef" name="atomic_intmax_t" link="c/atomic"/>
    <keyword type="typedef" name="atomic_uintmax_t" link="c/atomic"/>
    <keyword type="typedef" name="thrd_t" link="c/thread"/>
    <keyword type="function" name="thrd_create" link="c/thread/thrd_create"/>
    <keyword type="function" name="thrd_equal" link="c/thread/thrd_equal"/>
    <keyword type="function" name="thrd_current" link="c/thread/thrd_current"/>
    <keyword type="function" name="thrd_sleep" link="c/thread/thrd_sleep"/>
    <keyword type="function" name="thrd_yield" link="c/thread/thrd_yield"/>
    <keyword type="function" name="thrd_exit" link="c/thread/thrd_exit"/>
    <keyword type="function" name="thrd_detach" link="c/thread/thrd_detach"/>
    <keyword type="function" name="thrd_join" link="c/thread/thrd_join"/>
    <keyword type="macro" name="thrd_success" link="c/thread/thrd_errors"/>
    <keyword type="macro" name="thrd_timeout" link="c/thread/thrd_errors"/>
    <keyword type="macro" name="thrd_busy" link="c/thread/thrd_errors"/>
    <keyword type="macro" name="thrd_nomem" link="c/thread/thrd_errors"/>
    <keyword type="macro" name="thrd_error" link="c/thread/thrd_errors"/>
    <keyword type="typedef" name="thrd_start_t" link="c/thread"/>
    <keyword type="typedef" name="mtx_t" link="c/thread"/>
    <keyword type="function" name="mtx_init" link="c/thread/mtx_init"/>
    <keyword type="function" name="mtx_lock" link="c/thread/mtx_lock"/>
    <keyword type="function" name="mtx_timedlock" link="c/thread/mtx_timedlock"/>
    <keyword type="function" name="mtx_trylock" link="c/thread/mtx_trylock"/>
    <keyword type="function" name="mtx_unlock" link="c/thread/mtx_unlock"/>
    <keyword type="function" name="mtx_destroy" link="c/thread/mtx_destroy"/>
    <keyword type="macro" name="mtx_plain" link="c/thread/mtx_types"/>
    <keyword type="macro" name="mtx_recursive" link="c/thread/mtx_types"/>
    <keyword type="macro" name="mtx_timed" link="c/thread/mtx_types"/>
    <keyword type="typedef" name="thrd_start_t" link="c/thread"/>
    <keyword type="typedef" name="once_flag" link="c/thread/call_once"/>
    <keyword type="macro" name="ONCE_FLAG_INIT" link="c/thread/call_once"/>
    <keyword type="function" name="call_once" link="c/thread/call_once"/>
    <keyword type="typedef" name="cnd_t" link="c/thread"/>
    <keyword type="function" name="cnd_init" link="c/thread/cnd_init"/>
    <keyword type="function" name="cnd_signal" link="c/thread/cnd_signal"/>
    <keyword type="function" name="cnd_broadcast" link="c/thread/cnd_broadcast"/>
    <keyword type="function" name="cnd_wait" link="c/thread/cnd_wait"/>
    <keyword type="function" name="cnd_timedwait" link="c/thread/cnd_timedwait"/>
    <keyword type="function" name="cnd_destroy" link="c/thread/cnd_destroy"/>
    <keyword type="macro" name="thread_local" link="c/thread/thread_local"/>
    <keyword type="macro" name="TSS_DTOR_ITERATIONS" link="c/thread/TSS_DTOR_ITERATIONS"/>
    <keyword type="typedef" name="tss_t" link="c/thread"/>
    <keyword type="typedef" name="tss_dtor_t" link="c/thread"/>
    <keyword type="function" name="tss_create" link="c/thread/tss_create"/>
    <keyword type="function" name="tss_get" link="c/thread/tss_get"/>
    <keyword type="function" name="tss_set" link="c/thread/tss_set"/>
    <keyword type="function" name="tss_delete" link="c/thread/tss_delete"/>
  </functions>
</book>
